datetime,open,high,low,close,volume,Price Movement,ATR,VWAP,RSI,SMA_9,SMA_21
2024-12-10 09:15:00+05:30,804.3,809.6,799.9,805.6,4126478,9.700000000000045,,805.6,,,
2024-12-10 10:15:00+05:30,805.35,810.45,803.15,808.65,1740459,7.300000000000068,,806.5047992078319,,,
2024-12-10 11:15:00+05:30,808.65,809.2,802.3,802.95,1270656,6.900000000000091,,805.8719630483273,,,
2024-12-10 12:15:00+05:30,802.95,802.95,798.75,800.0,1464483,4.2000000000000455,,804.8722752914529,,,
2024-12-10 13:15:00+05:30,800.2,800.8,797.45,798.85,1084189,3.349999999999909,,804.1981986864905,,,
2024-12-10 14:15:00+05:30,798.85,800.85,798.3,799.65,1879519,2.550000000000068,,803.4590852941744,,,
2024-12-10 15:15:00+05:30,799.65,801.6,799.25,801.0,1349174,2.3500000000000227,,803.2021944902956,,,
2024-12-11 09:15:00+05:30,802.7,806.0,800.0,803.25,2127290,6.0,,803.208955194064,,,
2024-12-11 10:15:00+05:30,803.3,805.5,802.5,802.7,747039,3.0,,803.1848749820051,,802.5166666666667,
2024-12-11 11:15:00+05:30,802.85,806.95,801.6,803.3,1073092,5.350000000000023,,803.1922013346989,,802.2611111111111,
2024-12-11 12:15:00+05:30,803.2,805.0,801.5,803.7,858717,3.5,,803.2168079022877,,801.7111111111111,
2024-12-11 13:15:00+05:30,803.65,804.45,801.55,801.8,721537,2.900000000000091,,803.1613776758447,,801.5833333333334,
2024-12-11 14:15:00+05:30,801.8,801.8,799.0,799.25,1469454,2.7999999999999545,,802.8727294004892,,801.5,
2024-12-11 15:15:00+05:30,799.2,799.5,798.2,799.45,682731,1.2999999999999545,4.3714285714285905,802.7592637963588,36.88699360341152,801.5666666666667,
2024-12-12 09:15:00+05:30,799.2,802.0,788.0,791.2,2782245,14.0,4.678571428571445,801.3835262239742,27.287066246056767,800.6277777777779,
2024-12-12 10:15:00+05:30,791.15,792.4,786.2,788.85,1623024,6.199999999999932,4.600000000000007,800.569840500955,18.06451612903234,799.2777777777778,
2024-12-12 11:15:00+05:30,788.8,789.35,786.2,786.7,1058860,3.1499999999999773,4.3321428571428555,800.0062636491028,20.400728597449955,797.438888888889,
2024-12-12 12:15:00+05:30,786.7,790.8,786.3,789.0,1068719,4.5,4.353571428571423,799.5726619127498,29.477611940298473,795.9166666666666,
2024-12-12 13:15:00+05:30,789.0,790.4,787.4,789.6,859866,3.0,4.32857142857143,799.2662700198073,32.38095238095238,794.3944444444445,
2024-12-12 14:15:00+05:30,789.6,790.35,785.5,786.35,2105138,4.850000000000023,4.492857142857141,798.3627100885363,26.829268292683054,792.4666666666667,
2024-12-12 15:15:00+05:30,786.3,787.45,785.8,787.0,1048257,1.650000000000091,4.442857142857146,797.9802217833784,25.0,790.8222222222223,797.5642857142857
2024-12-13 09:15:00+05:30,789.35,791.0,781.05,781.95,2847972,9.950000000000045,4.725000000000007,796.6370296195824,15.422077922077946,788.9000000000001,796.4380952380952
2024-12-13 10:15:00+05:30,781.95,782.3,775.0,778.3,2133430,7.2999999999999545,5.03214285714286,795.5540216800528,14.011799410029468,786.55,794.992857142857
2024-12-13 11:15:00+05:30,778.3,788.0,777.55,785.05,2227491,10.450000000000045,5.396428571428577,794.9439115476943,27.215980024968886,785.8666666666667,794.1404761904762
2024-12-13 12:15:00+05:30,784.75,789.4,781.15,786.35,1851172,8.25,5.73571428571429,794.5481798098415,28.81562881562887,785.588888888889,793.4904761904761
2024-12-13 13:15:00+05:30,786.35,790.7,783.15,788.55,2013484,7.550000000000068,6.067857142857146,794.2620874495753,33.93939393939394,785.7944444444444,793.0
2024-12-13 14:15:00+05:30,788.65,790.95,786.55,790.3,2102315,4.400000000000091,6.18214285714287,794.0741325979582,38.936959208899836,785.9388888888889,792.5547619047618
2024-12-13 15:15:00+05:30,790.5,792.5,789.85,790.7,850562,2.6499999999999773,6.278571428571444,794.0105931434591,39.23739237392377,786.0611111111111,792.0642857142857
2024-12-16 09:15:00+05:30,791.45,793.95,787.05,788.15,2236836,6.900000000000091,5.771428571428593,793.7340524832099,45.636623748211655,786.2611111111111,791.3452380952381
2024-12-16 10:15:00+05:30,788.3,788.4,784.2,784.7,1373753,4.199999999999932,5.628571428571449,793.4796227924089,44.244105409153995,786.0055555555556,790.4880952380952
2024-12-16 11:15:00+05:30,784.7,786.0,784.05,784.3,824227,1.9500000000000455,5.5428571428571685,793.327087266083,46.50145772594741,786.2666666666667,789.5833333333334
2024-12-16 12:15:00+05:30,784.35,788.5,783.05,787.4,984827,5.4500000000000455,5.610714285714315,793.211698805954,47.72079772079771,787.2777777777778,788.8071428571429
2024-12-16 13:15:00+05:30,787.4,788.3,784.3,784.3,1269353,4.0,5.682142857142886,792.9935559587892,42.95212765957443,787.1944444444445,787.9738095238096
2024-12-16 14:15:00+05:30,784.35,785.5,783.0,784.35,2159714,2.5,5.514285714285742,792.6479623005846,47.09302325581398,786.9722222222222,787.2642857142857
2024-12-16 15:15:00+05:30,784.4,785.5,784.3,785.3,1104236,1.2000000000000455,5.482142857142882,792.5007590987489,47.550432276657006,786.6111111111111,786.5904761904762
2024-12-17 09:15:00+05:30,785.5,796.35,784.95,788.95,2824022,11.399999999999977,5.585714285714305,792.3277063881724,60.51051051051038,786.4611111111111,786.4833333333333
2024-12-17 10:15:00+05:30,789.0,790.0,783.75,788.8,1609186,6.25,5.510714285714308,792.2323847855007,67.61744966442929,786.25,786.4809523809523
2024-12-17 11:15:00+05:30,788.65,790.0,784.0,784.25,867534,6.0,5.192857142857163,792.1177725562526,48.55072463768126,785.8166666666667,786.3642857142858
2024-12-17 12:15:00+05:30,784.25,789.5,783.0,786.35,1110057,6.5,5.067857142857163,792.0137185655294,50.0,786.0,786.2380952380952
2024-12-17 13:15:00+05:30,786.35,786.75,783.0,784.2,1008091,3.75,4.796428571428586,791.8877665106914,42.32804232804258,785.9888888888889,785.9809523809523
2024-12-17 14:15:00+05:30,784.2,784.5,779.0,779.8,1973442,5.5,4.875000000000008,791.5180016173888,33.0645161290325,785.1444444444444,785.6690476190475
2024-12-17 15:15:00+05:30,779.8,780.0,778.0,779.9,828623,2.0,4.828571428571438,791.3706683055088,32.41042345276884,784.6555555555556,785.3309523809525
2024-12-18 09:15:00+05:30,774.0,774.25,759.1,763.6,6060804,15.149999999999977,5.4178571428571445,789.0134172365173,22.38470191226118,782.3499999999999,784.4571428571428
2024-12-18 10:15:00+05:30,763.6,768.0,763.1,763.65,2139817,4.899999999999977,5.467857142857148,788.27542855482,24.360535931790608,779.9444444444445,783.7595238095239
2024-12-18 11:15:00+05:30,763.5,767.25,762.2,762.85,1585766,5.0499999999999545,5.689285714285712,787.7387581682486,24.12545235223179,777.0444444444444,782.702380952381
2024-12-18 12:15:00+05:30,762.85,764.5,757.0,757.9,2742559,7.5,5.835714285714281,786.6878483880869,15.935334872979354,773.6111111111111,781.347619047619
2024-12-18 13:15:00+05:30,757.9,759.8,756.0,757.2,1844220,3.7999999999999545,5.821428571428563,786.005637067296,16.870415647921945,770.6055555555555,779.854761904762
2024-12-18 14:15:00+05:30,757.1,758.0,754.0,754.7,2878950,4.0,5.928571428571421,784.9144191664537,15.801614763552521,767.088888888889,778.1595238095239
2024-12-18 15:15:00+05:30,754.55,757.3,754.35,757.0,1575668,2.949999999999932,6.053571428571412,784.3918534099201,18.34451901566004,764.0666666666666,776.554761904762
2024-12-19 09:15:00+05:30,744.45,750.05,741.4,743.8,4514952,8.649999999999977,5.857142857142841,782.3252992355217,8.387096774193466,760.0666666666666,774.4428571428571
2024-12-19 10:15:00+05:30,743.8,751.5,742.5,750.2,2661469,9.0,6.053571428571412,781.3892867728654,18.099173553719083,756.7666666666667,772.8000000000001
2024-12-19 11:15:00+05:30,750.45,755.8,750.2,751.9,2022204,5.599999999999909,6.024999999999977,780.7505929065615,21.94275802254984,755.4666666666667,771.2571428571429
2024-12-19 12:15:00+05:30,751.95,752.05,747.45,747.9,1670959,4.599999999999909,5.889285714285685,780.1730172566057,17.716204869857208,753.7166666666667,769.3761904761905
2024-12-19 13:15:00+05:30,747.85,747.95,743.0,745.05,2184244,4.9500000000000455,5.974999999999974,779.3839308733196,17.510373443983326,751.7388888888889,767.5071428571429
2024-12-19 14:15:00+05:30,745.05,745.25,741.55,742.6,2977259,3.7000000000000455,5.846428571428548,778.2909652782371,18.09605488850768,750.0388888888889,765.5190476190476
2024-12-19 15:15:00+05:30,742.75,746.0,742.75,745.75,947911,3.25,5.935714285714263,777.9860069205893,22.167889160554125,748.7666666666667,763.6357142857144
2024-12-20 09:15:00+05:30,744.3,749.55,736.6,739.5,3862621,12.949999999999932,5.778571428571403,776.5703709957744,26.510721247563268,747.0777777777779,761.2809523809524
2024-12-20 10:15:00+05:30,739.5,743.3,738.55,742.4,1450198,4.75,5.767857142857118,776.1049059788221,30.378578024007325,745.4555555555556,759.0714285714286
2024-12-20 11:15:00+05:30,742.4,742.5,739.6,739.9,1024810,2.8999999999999773,5.614285714285692,775.7597143693534,29.453894359892487,745.0222222222222,756.9595238095238
2024-12-20 12:15:00+05:30,739.9,739.9,732.5,732.75,1775616,7.399999999999977,5.607142857142833,775.0607592016061,28.337639965546913,743.0833333333334,754.407142857143
2024-12-20 13:15:00+05:30,732.75,735.35,724.85,725.4,2791986,10.5,6.085714285714265,773.8233821205766,25.425038639876263,740.1388888888889,751.6071428571429
2024-12-20 14:15:00+05:30,725.4,728.0,721.5,723.75,4864681,6.5,6.264285714285693,771.7399463882997,25.76350822239617,737.4555555555556,748.9380952380952
2024-12-20 15:15:00+05:30,723.75,726.0,722.0,724.3,2128906,4.0,6.339285714285698,770.8915813697186,23.671497584540987,735.15,746.2904761904762
2024-12-23 09:15:00+05:30,733.7,734.4,724.1,728.5,2943084,10.299999999999955,6.4571428571428395,769.868857799977,35.59322033898307,733.5833333333334,744.6190476190476
2024-12-23 10:15:00+05:30,728.45,730.8,725.6,728.0,1345462,5.199999999999932,6.185714285714263,769.4121117469114,26.48305084745749,731.6111111111111,742.9214285714286
2024-12-23 11:15:00+05:30,728.0,733.7,727.8,729.05,1300562,5.900000000000091,6.2071428571428475,768.9909377299147,25.456498388829104,730.45,741.3119047619048
2024-12-23 12:15:00+05:30,729.2,730.45,724.6,724.65,899625,5.850000000000023,6.29642857142857,768.6731775070284,25.239616613418434,728.4777777777776,739.7285714285715
2024-12-23 13:15:00+05:30,724.65,725.85,717.7,720.5,1390004,8.149999999999977,6.524999999999993,768.1456171553301,24.55958549222791,726.3222222222222,737.9809523809524
2024-12-23 14:15:00+05:30,720.35,723.3,719.65,722.9,1169177,3.6499999999999773,6.52142857142856,767.7326406087095,29.56431535269698,725.2277777777778,736.4666666666666
2024-12-23 15:15:00+05:30,722.9,723.0,721.0,721.5,530749,2.0,6.432142857142845,767.5418703141152,23.89666307857901,724.7944444444444,734.7761904761904
2024-12-24 09:15:00+05:30,723.65,738.3,722.5,735.8,3601722,15.799999999999955,6.635714285714276,766.6772572926523,46.605504587155906,726.1333333333333,734.395238095238
2024-12-24 10:15:00+05:30,735.9,745.3,735.9,740.5,3518641,9.399999999999977,6.967857142857132,765.9987219973087,48.31261101243341,727.9333333333334,733.9333333333333
2024-12-24 11:15:00+05:30,740.5,741.75,735.65,736.8,1428799,6.100000000000023,7.196428571428563,765.6945907604422,47.30434782608693,728.8555555555555,733.2142857142857
2024-12-24 12:15:00+05:30,736.85,738.5,735.05,738.2,985447,3.4500000000000455,6.914285714285711,765.498481631379,55.265700483091834,729.9888888888889,732.7523809523809
2024-12-24 13:15:00+05:30,738.2,738.9,734.1,737.3,1079747,4.7999999999999545,6.507142857142851,765.279814195895,63.13465783664455,730.9055555555556,732.3833333333334
2024-12-24 14:15:00+05:30,737.4,737.5,734.5,736.15,1103913,3.0,6.257142857142851,765.0506855576065,63.839285714285666,732.1833333333334,732.0761904761905
2024-12-24 15:15:00+05:30,736.15,737.0,734.9,735.1,802387,2.1000000000000227,6.121428571428567,764.8804220625238,61.92052980132456,733.8055555555554,731.5690476190476
2024-12-26 09:15:00+05:30,736.2,740.85,735.55,740.2,2287891,5.300000000000068,5.764285714285718,764.4867490817942,62.66233766233769,735.7277777777778,731.6023809523809
2024-12-26 10:15:00+05:30,740.1,743.35,738.6,742.5,1407450,4.75,5.732142857142866,764.2731000447152,65.10416666666667,738.0611111111111,731.6071428571429
2024-12-26 11:15:00+05:30,742.6,745.0,742.0,743.55,1124391,3.0,5.525000000000001,764.113467785508,65.10416666666667,738.9222222222221,731.7809523809524
2024-12-26 12:15:00+05:30,743.5,745.75,742.5,745.5,1060315,3.25,5.339285714285714,763.9792322791133,72.88693743139406,739.4777777777776,732.3880952380953
2024-12-26 13:15:00+05:30,745.55,747.8,743.5,744.0,1479004,4.2999999999999545,5.064285714285712,763.7802536596289,77.38927738927734,740.2777777777778,733.2738095238095
2024-12-26 14:15:00+05:30,744.0,744.0,740.25,741.4,1210683,3.75,5.071428571428571,763.5992749434434,71.46171693735492,740.6333333333333,734.1142857142856
2024-12-26 15:15:00+05:30,741.55,741.75,739.05,741.5,698399,2.7000000000000455,5.1214285714285745,763.4966642813883,73.92344497607645,741.1,734.9333333333334
2024-12-27 09:15:00+05:30,748.5,763.5,745.7,762.85,5869535,17.799999999999955,5.264285714285718,763.4723775822096,77.68679631525069,744.0666666666666,736.5690476190476
2024-12-27 10:15:00+05:30,762.85,766.85,757.25,757.75,3737682,9.600000000000023,5.278571428571435,763.3387178889055,67.51269035532987,746.5833333333334,737.9857142857143
2024-12-27 11:15:00+05:30,757.75,758.65,754.55,755.35,1595553,4.100000000000023,5.135714285714292,763.2598498440847,69.34306569343066,748.2666666666667,739.2380952380952
2024-12-27 12:15:00+05:30,755.35,756.65,754.0,754.95,1006588,2.6499999999999773,5.07857142857143,763.2084145552152,67.8381256656017,749.65,740.6809523809524
2024-12-27 13:15:00+05:30,754.75,756.35,753.55,755.6,787507,2.800000000000068,4.935714285714296,763.171748275398,69.5931477516061,750.9888888888889,742.3523809523809
2024-12-27 14:15:00+05:30,755.6,756.3,749.0,750.7,1902212,7.2999999999999545,5.242857142857149,763.0282395721102,64.42021803766113,751.5666666666667,743.6761904761905
2024-12-27 15:15:00+05:30,750.6,754.8,749.7,754.0,839503,5.099999999999909,5.4571428571428555,762.9826235470867,67.93168880455408,752.6777777777778,745.2238095238096
2024-12-30 09:15:00+05:30,753.85,754.9,744.0,745.0,2462010,10.899999999999977,5.857142857142849,762.7200524454257,54.24028268551234,753.0777777777778,745.6619047619048
2024-12-30 10:15:00+05:30,745.1,748.7,744.0,744.85,1134876,4.7000000000000455,5.853571428571423,762.6005807465828,52.157943067034,753.45,745.8690476190476
2024-12-30 11:15:00+05:30,745.2,747.0,744.1,744.2,891212,2.8999999999999773,5.846428571428565,762.5044794584636,50.60129509713237,751.3777777777779,746.2214285714285
2024-12-30 12:15:00+05:30,744.1,744.2,742.1,743.25,638738,2.1000000000000227,5.76428571428571,762.4326754669769,47.879359095193216,749.7666666666668,746.4619047619047
2024-12-30 13:15:00+05:30,743.3,743.55,738.0,738.65,1331549,5.5499999999999545,5.853571428571423,762.2492123735652,45.23597506678537,747.911111111111,746.5261904761904
2024-12-30 14:15:00+05:30,738.65,739.2,731.15,731.8,5941006,8.050000000000068,6.160714285714286,761.2360695761389,42.05298013245031,745.338888888889,746.3190476190476
2024-12-30 15:15:00+05:30,731.75,738.85,730.7,735.25,4992447,8.149999999999977,6.549999999999995,760.5292441644906,45.09803921568627,743.0777777777778,746.3261904761905
2024-12-31 09:15:00+05:30,733.6,738.4,732.75,735.7,1712456,5.649999999999977,5.682142857142854,760.2997308568556,18.31971995332559,741.411111111111,746.1119047619047
2024-12-31 10:15:00+05:30,735.85,741.55,735.7,740.05,1299358,5.849999999999909,5.414285714285703,760.1586923809663,28.978622327790873,739.8611111111111,745.9952380952382
2024-12-31 11:15:00+05:30,740.05,740.5,736.0,737.4,694906,4.5,5.44285714285713,760.0742329420971,28.80755608028325,739.0166666666667,745.702380952381
2024-12-31 12:15:00+05:30,737.25,739.4,736.5,737.7,436498,2.8999999999999773,5.460714285714273,760.0221981239479,29.585798816568044,738.2222222222222,745.3309523809523
2024-12-31 13:15:00+05:30,737.75,743.4,736.7,742.6,808270,6.699999999999932,5.739285714285692,759.9474919007923,36.02150537634409,738.0444444444444,745.2642857142857
2024-12-31 14:15:00+05:30,742.55,743.0,738.8,739.45,1288855,4.2000000000000455,5.517857142857126,759.8082907753223,37.43016759776536,737.6222222222223,745.1714285714286
2024-12-31 15:15:00+05:30,739.45,741.95,739.05,741.8,804819,2.900000000000091,5.360714285714282,759.7322457402071,36.07305936073053,737.9722222222222,745.1857142857143
2025-01-01 09:15:00+05:30,740.55,744.0,736.0,738.6,1678330,8.0,5.153571428571427,759.5477800873238,41.57894736842106,738.7277777777778,744.0309523809524
2025-01-01 10:15:00+05:30,738.6,743.4,736.4,741.85,1034087,7.0,5.317857142857138,759.4531043176453,46.35036496350364,739.4611111111112,743.2738095238095
2025-01-01 11:15:00+05:30,741.85,742.95,739.3,740.7,528607,3.650000000000091,5.3714285714285745,759.401961689186,45.79326923076922,740.0166666666668,742.5761904761905
2025-01-01 12:15:00+05:30,740.9,743.0,739.6,740.9,581127,3.3999999999999773,5.464285714285714,759.3466565256967,47.123623011015866,740.1111111111111,741.907142857143
2025-01-01 13:15:00+05:30,740.9,751.1,740.5,749.35,1728107,10.600000000000023,5.825000000000005,759.2585802565234,61.96868008948555,741.438888888889,741.6095238095238
2025-01-01 14:15:00+05:30,749.35,750.65,747.5,749.5,1529180,3.1499999999999773,5.474999999999999,759.1830873805693,73.28947368421072,742.75,741.5523809523809
2025-01-01 15:15:00+05:30,749.6,749.9,748.6,749.85,683442,1.2999999999999545,4.985714285714282,759.1509294024671,70.91690544412626,743.5555555555555,741.3547619047619
2025-01-02 09:15:00+05:30,759.4,764.8,749.35,750.0,4175502,15.449999999999932,5.685714285714279,758.9622657438125,70.66473988439319,744.7277777777776,741.592857142857
2025-01-02 10:15:00+05:30,750.05,753.4,749.55,751.85,1339645,3.8500000000000227,5.5428571428571445,758.9155300358624,68.38006230529618,745.8444444444444,741.9261904761905
2025-01-02 11:15:00+05:30,751.85,756.8,750.05,754.1,1673231,6.75,5.70357142857143,758.8763286673158,76.34069400630938,747.5666666666667,742.3976190476191
2025-01-02 12:15:00+05:30,754.05,757.4,753.4,756.9,1547476,4.0,5.78214285714286,758.8615604913495,78.07017543859664,749.2388888888888,743.047619047619
2025-01-02 13:15:00+05:30,756.65,763.5,755.25,762.2,2370975,8.25,5.892857142857151,758.8993499113759,78.32369942196551,751.6277777777777,744.1690476190477
2025-01-02 14:15:00+05:30,762.3,765.65,760.05,764.15,2869601,5.600000000000023,5.992857142857149,758.970311752841,86.97604790419179,754.2111111111112,745.7095238095238
2025-01-02 15:15:00+05:30,764.15,767.35,764.05,764.85,1179516,3.300000000000068,6.021428571428577,759.0027937358831,86.29921259842543,755.9333333333333,747.1190476190476
2025-01-03 09:15:00+05:30,768.0,773.9,761.45,770.7,3936103,12.449999999999932,6.339285714285714,759.2145320965693,96.65697674418611,758.2888888888889,748.7857142857143
2025-01-03 10:15:00+05:30,770.65,782.6,769.85,782.35,3315811,12.75,6.75,759.5620253989499,97.31308411214958,761.9,750.8
2025-01-03 11:15:00+05:30,782.4,800.6,782.0,794.4,8419179,18.600000000000023,7.817857142857138,760.8418377461317,100.0,766.8333333333335,753.5142857142857
2025-01-03 12:15:00+05:30,794.35,797.0,792.8,796.45,2350993,4.2000000000000455,7.875,761.2034075283156,100.0,771.7888888888889,756.3119047619048
2025-01-03 13:15:00+05:30,796.35,797.95,791.25,792.85,2266276,6.7000000000000455,7.596428571428573,761.5101689080595,92.89940828402364,776.0944444444444,758.704761904762
2025-01-03 14:15:00+05:30,792.65,792.95,787.85,792.0,3130711,5.100000000000023,7.73571428571429,761.9130547476739,91.3424124513618,779.9944444444445,761.2071428571429
2025-01-03 15:15:00+05:30,791.9,792.65,788.1,789.0,1276894,4.5499999999999545,7.967857142857148,762.0582540696025,86.21646623496756,782.9722222222222,763.454761904762
2025-01-06 09:15:00+05:30,797.25,797.25,784.35,793.7,3964783,12.899999999999977,7.785714285714294,762.5762907176551,87.28668941979518,786.2555555555556,766.0785714285714
2025-01-06 10:15:00+05:30,793.45,794.95,778.85,778.95,2613900,16.100000000000023,8.660714285714294,762.7511360925344,68.95104895104893,787.8222222222223,767.8452380952381
2025-01-06 11:15:00+05:30,778.95,786.95,778.05,785.9,2429391,8.900000000000091,8.81428571428573,762.9786229068453,70.86614173228342,789.5111111111111,769.9976190476191
2025-01-06 12:15:00+05:30,785.65,788.95,783.0,784.7,1096634,5.9500000000000455,8.953571428571447,763.0745532336645,68.63270777479897,789.7722222222224,772.0833333333334
2025-01-06 13:15:00+05:30,784.7,784.7,780.0,781.6,1417439,4.7000000000000455,8.70000000000002,763.179702893233,63.39779005524861,788.3499999999999,773.6190476190477
2025-01-06 14:15:00+05:30,781.6,782.95,765.3,774.95,4088173,17.65000000000009,9.560714285714312,763.3692859006338,57.003891050583704,785.9611111111111,774.8309523809525
2025-01-06 15:15:00+05:30,774.95,777.55,772.15,776.0,1184803,5.399999999999977,9.710714285714305,763.4279718597589,57.19819238218205,784.0888888888888,776.0761904761905
2025-01-07 09:15:00+05:30,775.95,787.85,772.5,780.5,4264392,15.350000000000023,9.91785714285717,763.7087735358477,56.438896189224685,782.811111111111,777.5285714285715
2025-01-07 10:15:00+05:30,780.25,786.4,779.2,784.5,1896532,7.199999999999932,9.521428571428592,763.8597580537438,51.57048940832724,782.311111111111,779.0833333333334
2025-01-07 11:15:00+05:30,784.45,794.5,783.85,792.2,2637709,10.649999999999977,8.953571428571447,764.1431308919633,48.283931357254346,782.1444444444445,780.897619047619
2025-01-07 12:15:00+05:30,792.45,793.2,790.35,791.85,1336511,2.8500000000000227,8.857142857142874,764.2827976386413,46.31410256410254,783.5777777777778,782.5619047619048
2025-01-07 13:15:00+05:30,791.85,796.95,790.45,793.7,2248860,6.5,8.842857142857156,764.5302141545927,50.700741962077515,784.4444444444446,784.0619047619048
2025-01-07 14:15:00+05:30,793.7,796.0,792.0,792.45,1982391,4.0,8.764285714285725,764.7356888310677,50.3685503685504,785.3055555555555,785.4095238095238
2025-01-07 15:15:00+05:30,792.45,795.0,791.2,792.5,1109222,3.7999999999999545,8.710714285714298,764.8495505079525,53.01204819277108,786.5166666666668,786.7261904761905
2025-01-08 09:15:00+05:30,792.6,792.95,781.65,784.65,2669653,11.300000000000068,8.59642857142859,765.0430752492218,42.61224489795912,787.5944444444444,787.3904761904762
2025-01-08 10:15:00+05:30,784.55,793.95,784.0,791.5,2188674,9.950000000000045,8.157142857142876,765.2533857693205,61.761949390815346,789.3166666666667,787.8261904761906
2025-01-08 11:15:00+05:30,791.35,791.75,786.0,786.2,1275670,5.75,7.93214285714287,765.349987568934,50.29013539651844,789.9500000000002,787.4357142857143
2025-01-08 12:15:00+05:30,786.2,787.95,784.35,785.7,798867,3.6000000000000227,7.764285714285726,765.4085905536934,50.98039215686275,790.0833333333335,786.9238095238096
2025-01-08 13:15:00+05:30,785.7,794.9,784.05,794.55,1648503,10.850000000000023,8.203571428571438,765.5807408231244,61.4096916299559,790.3444444444444,787.0047619047618
2025-01-08 14:15:00+05:30,794.55,797.0,791.15,796.75,2114293,5.850000000000023,7.36071428571429,765.8151210685154,70.84130019120457,790.8888888888889,787.2309523809523
2025-01-08 15:15:00+05:30,796.75,796.9,793.35,795.5,1118875,3.5499999999999545,7.228571428571432,765.9327790596831,68.57142857142857,791.0888888888888,787.5404761904762
2025-01-09 09:15:00+05:30,800.0,810.0,769.45,785.65,8063237,40.549999999999955,9.028571428571427,766.4803350375443,54.45116681071735,790.3333333333334,787.1571428571428
2025-01-09 10:15:00+05:30,785.65,786.55,773.5,779.4,3318188,13.049999999999955,9.446428571428571,766.6263141158884,45.75707154742095,788.8777777777777,787.1785714285714
2025-01-09 11:15:00+05:30,779.4,784.8,778.5,783.5,1258435,6.2999999999999545,9.135714285714284,766.6983123876385,42.300884955752174,788.75,787.0642857142858
2025-01-09 12:15:00+05:30,783.35,786.0,782.35,784.8,1066566,3.6499999999999773,9.192857142857138,766.7635383358407,43.86422976501299,788.0055555555556,787.0690476190476
2025-01-09 13:15:00+05:30,784.8,785.0,780.4,780.75,807848,4.600000000000023,9.057142857142853,766.8016069818253,39.145012573344445,787.4000000000001,787.0285714285714
2025-01-09 14:15:00+05:30,780.75,781.4,778.15,779.1,2089031,3.25,9.003571428571425,766.887563166823,38.88426311407156,786.6666666666666,787.2261904761905
2025-01-09 15:15:00+05:30,779.4,783.35,778.45,781.4,1165415,4.899999999999977,9.082142857142856,766.9439288480629,41.09149277688599,785.2055555555556,787.4833333333333
2025-01-10 09:15:00+05:30,780.1,784.8,766.8,773.6,3473250,18.0,9.56071428571428,767.0200928272048,41.12449799196788,782.6333333333334,787.1547619047619
2025-01-10 10:15:00+05:30,773.6,786.25,771.55,786.25,2145569,14.700000000000045,9.899999999999993,767.1550687205815,46.142542248346786,781.6055555555556,787.2380952380952
2025-01-10 11:15:00+05:30,786.25,787.95,778.65,781.25,1882710,9.300000000000068,10.153571428571427,767.2413499358046,46.346863468634645,781.1166666666667,786.7166666666666
2025-01-10 12:15:00+05:30,781.0,784.7,779.75,782.45,789831,4.9500000000000455,10.25,767.2803065174953,47.62600438276113,781.4555555555556,786.2690476190476
2025-01-10 13:15:00+05:30,782.4,782.45,776.0,776.05,910523,6.4500000000000455,9.935714285714287,767.3061261942631,35.984848484848484,780.6277777777779,785.4285714285714
2025-01-10 14:15:00+05:30,776.3,777.0,772.4,773.25,1192566,4.600000000000023,9.846428571428573,767.3289588259355,32.35735735735733,779.3444444444444,784.5142857142857
2025-01-10 15:15:00+05:30,773.45,778.2,773.1,776.5,717806,5.100000000000023,9.957142857142864,767.3501144923795,36.15160349854226,778.8722222222223,783.7523809523809
2025-01-13 09:15:00+05:30,768.95,771.3,758.65,766.0,3227978,12.649999999999977,7.964285714285722,767.3362526761268,35.812274368231044,777.4166666666666,782.8642857142858
2025-01-13 10:15:00+05:30,765.9,773.55,762.55,767.5,1943715,11.0,7.817857142857155,767.3372587945171,40.775193798449614,775.8722222222223,781.7214285714286
2025-01-13 11:15:00+05:30,767.25,768.4,763.05,765.4,1016418,5.350000000000023,7.750000000000016,767.3310542612875,35.51999999999995,774.9611111111111,780.7309523809523
2025-01-13 12:15:00+05:30,765.4,765.5,760.0,760.5,904000,5.5,7.882142857142875,767.3116512132547,31.618759455370665,772.0999999999999,779.5309523809525
2025-01-13 13:15:00+05:30,760.5,761.5,754.4,755.85,1459339,7.100000000000023,8.060714285714303,767.259335717942,31.334332833583204,769.2777777777778,777.6880952380952
2025-01-13 14:15:00+05:30,755.8,757.45,748.8,751.4,2627003,8.650000000000091,8.446428571428596,767.1300892393215,30.07194244604314,765.8277777777778,775.5285714285714
2025-01-13 15:15:00+05:30,751.4,752.7,750.1,750.6,996246,2.6000000000000227,8.282142857142885,767.079159108037,27.352941176470623,763.0,773.3904761904762
2025-01-14 09:15:00+05:30,751.5,779.0,751.5,769.75,4637031,27.5,8.960714285714314,767.1169195556467,47.5740390674228,762.6111111111111,772.6333333333333
2025-01-14 10:15:00+05:30,769.9,778.6,767.5,776.75,1886725,11.100000000000023,8.703571428571454,767.1720170414485,43.55495251017639,762.6388888888889,772.5071428571429
2025-01-14 11:15:00+05:30,777.0,777.0,772.0,772.9,978813,5.0,8.396428571428592,767.188963254952,44.245348035837345,763.4055555555556,772.0023809523809
2025-01-14 12:15:00+05:30,772.9,777.85,771.1,774.75,992944,6.75,8.525000000000018,767.2115875927516,44.74043715846992,764.2111111111111,771.5238095238095
2025-01-14 13:15:00+05:30,775.0,776.4,773.1,774.0,661974,3.2999999999999545,8.300000000000011,767.2251025112956,48.48260547742416,765.1666666666666,771.202380952381
2025-01-14 14:15:00+05:30,774.2,774.2,769.35,770.2,1514604,4.850000000000023,8.317857142857154,767.2385921897758,47.77534646243621,766.2444444444444,770.7785714285715
2025-01-14 15:15:00+05:30,770.2,772.3,769.65,772.3,660339,2.6499999999999773,8.142857142857151,767.2485786376235,46.884272997032596,768.0722222222222,770.3452380952381
2025-01-15 09:15:00+05:30,771.5,785.0,764.35,765.65,2620338,20.649999999999977,8.714285714285722,767.2361599116533,49.72462627852083,769.6555555555556,769.9666666666667
2025-01-15 10:15:00+05:30,765.75,773.2,763.05,772.0,1996896,10.150000000000091,8.653571428571443,767.2641971212502,53.28947368421054,772.0333333333333,769.2880952380953
2025-01-15 11:15:00+05:30,772.0,774.0,768.3,768.8,1055421,5.7000000000000455,8.678571428571445,767.2689596163711,52.44604316546761,771.9277777777777,768.6952380952381
2025-01-15 12:15:00+05:30,768.75,770.0,765.25,765.35,1121542,4.75,8.625000000000016,767.2626569262565,53.56355620867013,770.661111111111,767.8809523809524
2025-01-15 13:15:00+05:30,765.35,765.55,756.05,760.2,1925920,9.5,8.796428571428587,767.2230466044269,53.172866520787764,769.25,767.1261904761906
2025-01-15 14:15:00+05:30,760.2,764.95,760.0,764.05,1137655,4.9500000000000455,8.532142857142869,767.2125692258194,59.308314937454035,768.0611111111111,766.6880952380952
2025-01-15 15:15:00+05:30,764.1,764.35,762.2,763.0,598861,2.1499999999999773,8.500000000000009,767.2052597797251,59.09090909090911,766.838888888889,766.0452380952381
2025-01-16 09:15:00+05:30,769.9,778.65,767.35,776.95,2274885,11.299999999999955,7.342857142857148,767.2690696597268,55.71428571428577,767.588888888889,766.5666666666667
2025-01-16 10:15:00+05:30,776.8,781.0,774.35,777.05,1364889,6.649999999999977,7.025000000000001,767.307346212545,50.26737967914434,768.1166666666667,767.0214285714286
2025-01-16 11:15:00+05:30,777.0,780.5,776.7,778.7,881799,3.7999999999999545,6.939285714285712,767.3360773744072,55.38033395176261,769.5666666666667,767.6547619047619
2025-01-16 12:15:00+05:30,778.6,778.8,776.15,776.5,654923,2.6499999999999773,6.646428571428568,767.3532097524769,51.612903225806456,770.0666666666667,768.4166666666666
2025-01-16 13:15:00+05:30,776.4,777.6,774.05,777.0,984733,3.550000000000068,6.664285714285719,767.3802510932952,52.777777777777786,770.9777777777778,769.4238095238096
2025-01-16 14:15:00+05:30,776.8,777.0,772.0,774.0,1654923,5.0,6.675000000000003,767.4112899048952,53.57142857142854,771.9388888888889,770.5
2025-01-16 15:15:00+05:30,774.0,776.0,773.4,775.45,811768,2.6000000000000227,6.671428571428578,767.4297360815503,52.997145575642335,773.6333333333333,771.6833333333334
2025-01-17 09:15:00+05:30,773.5,784.5,772.25,780.2,2318146,12.25,6.071428571428579,767.5128726612154,64.36327739387964,775.4277777777778,772.1809523809525
2025-01-17 10:15:00+05:30,780.2,785.5,777.0,777.75,1520969,8.5,5.95357142857143,767.5564137075786,56.149732620320854,777.0666666666667,772.2285714285715
2025-01-17 11:15:00+05:30,777.75,782.25,777.3,779.9,650438,4.9500000000000455,5.900000000000001,767.5788245633602,62.14442013129108,777.3944444444445,772.5619047619048
2025-01-17 12:15:00+05:30,779.7,782.5,779.5,780.7,613075,3.0,5.775000000000001,767.6012404001608,67.82810685249709,777.8,772.8452380952381
2025-01-17 13:15:00+05:30,780.6,780.95,778.7,780.2,453536,2.25,5.257142857142859,767.6171426892462,76.0416666666666,777.9666666666667,773.1404761904762
2025-01-17 14:15:00+05:30,780.3,781.7,779.4,779.95,864881,2.300000000000068,5.067857142857146,767.6467566203231,72.8448275862069,778.35,773.604761904762
2025-01-17 15:15:00+05:30,780.0,780.05,779.0,779.9,524086,1.0499999999999545,4.989285714285716,767.664559823754,74.99999999999974,778.6722222222222,773.9666666666667
2025-01-20 09:15:00+05:30,780.05,783.0,767.0,770.5,2653683,16.0,5.325000000000005,767.6852674687474,38.97435897435899,778.2833333333333,774.197619047619
2025-01-20 10:15:00+05:30,770.85,776.6,769.0,773.15,1867974,7.600000000000023,5.392857142857151,767.7132169665514,43.867924528301984,778.0277777777778,774.2523809523809
2025-01-20 11:15:00+05:30,773.15,778.8,772.85,776.0,1136842,5.949999999999932,5.546428571428578,767.738931025171,45.90909090909087,777.561111111111,774.5952380952381
2025-01-20 12:15:00+05:30,775.9,778.75,775.0,778.35,889122,3.75,5.625000000000008,767.7646203297246,52.790346907993985,777.6277777777777,775.2142857142857
2025-01-20 13:15:00+05:30,778.25,780.7,775.5,776.5,927175,5.2000000000000455,5.742857142857149,767.7866181835332,49.275362318840585,777.25,775.9904761904761
2025-01-20 14:15:00+05:30,776.5,776.7,774.35,775.15,1210593,2.3500000000000227,5.553571428571437,767.8107498138621,51.75038051750375,776.6333333333333,776.5190476190476
2025-01-20 15:15:00+05:30,775.2,775.3,772.0,773.95,1215713,3.2999999999999545,5.603571428571432,767.8308884759107,47.6993865030675,775.938888888889,777.0404761904762
2025-01-21 09:15:00+05:30,775.05,786.65,774.0,777.4,2280217,12.649999999999977,5.632142857142859,767.8894036029396,45.52715654952067,775.6555555555556,777.0619047619048
2025-01-21 10:15:00+05:30,777.4,777.5,767.0,771.55,1852975,10.5,5.775000000000001,767.9075040372577,41.066282420749225,774.7277777777778,776.8
2025-01-21 11:15:00+05:30,771.7,781.15,764.0,774.75,2492583,17.149999999999977,6.646428571428568,767.9527159246489,42.79720279720285,775.2,776.6119047619047
2025-01-21 12:15:00+05:30,774.75,774.75,766.65,771.9,1112722,8.100000000000023,7.010714285714284,767.9643249128851,38.35978835978829,775.0611111111111,776.3928571428571
2025-01-21 13:15:00+05:30,772.0,774.05,766.0,768.4,780968,8.049999999999955,7.424999999999995,767.9652223618315,35.539215686274446,774.2166666666667,775.9833333333333
2025-01-21 14:15:00+05:30,768.4,769.25,758.4,760.25,2370430,10.850000000000023,8.035714285714278,767.9172840787559,29.774127310061573,772.2055555555556,775.3285714285715
2025-01-21 15:15:00+05:30,760.35,761.5,758.45,761.0,746288,3.0499999999999545,8.17857142857142,767.9037789034471,30.87044534412958,770.4833333333333,774.6404761904762
2025-01-22 09:15:00+05:30,764.9,765.45,744.15,745.75,3221194,21.300000000000068,8.557142857142853,767.7186482336416,27.601809954751133,767.2166666666667,773.0
2025-01-22 10:15:00+05:30,745.6,746.9,742.0,743.6,1595188,4.899999999999977,8.364285714285709,767.6192485586961,23.01369863013703,763.8444444444444,771.3738095238095
2025-01-22 11:15:00+05:30,743.5,743.8,737.0,738.35,1785822,6.7999999999999545,8.424999999999995,767.4848264416473,17.060367454068256,759.5055555555556,769.395238095238
2025-01-22 12:15:00+05:30,738.25,738.95,731.0,737.4,1991116,7.9500000000000455,8.724999999999998,767.3315600599195,13.273542600896832,755.7111111111111,767.3333333333334
2025-01-22 13:15:00+05:30,737.4,738.7,733.55,737.5,1045216,5.150000000000091,8.721428571428573,767.2519945286662,13.8888888888889,751.5722222222222,765.3000000000001
2025-01-22 14:15:00+05:30,737.4,743.45,736.4,742.95,1828013,7.050000000000068,9.057142857142862,767.1391597413945,22.2891566265061,748.3555555555555,763.5380952380953
2025-01-22 15:15:00+05:30,742.85,744.5,741.3,744.35,884482,3.2000000000000455,9.050000000000011,767.0880781322965,24.614065180102926,745.6833333333333,761.8452380952381
2025-01-23 09:15:00+05:30,742.95,753.0,739.8,751.0,2386920,13.200000000000045,9.089285714285731,766.9913461372648,28.536585365853725,744.6555555555556,760.9166666666666
2025-01-23 10:15:00+05:30,751.2,755.95,749.65,755.35,1259874,6.300000000000068,8.789285714285736,766.9545177817786,36.500000000000085,744.0277777777778,760.0690476190476
2025-01-23 11:15:00+05:30,755.1,755.7,751.3,754.4,737309,4.400000000000091,7.878571428571457,766.9313172323377,32.380952380952394,744.9888888888888,759.0404761904762
2025-01-23 12:15:00+05:30,754.2,757.45,754.0,756.3,800579,3.4500000000000455,7.546428571428602,766.9100275390961,36.267605633802816,746.4000000000001,757.9904761904761
2025-01-23 13:15:00+05:30,756.25,759.7,755.8,756.95,895161,3.900000000000091,7.250000000000041,766.8877755688885,39.38832252085274,748.4666666666667,757.0595238095239
2025-01-23 14:15:00+05:30,756.9,757.3,751.15,751.75,1304609,6.149999999999977,6.914285714285752,766.8386466241864,41.6666666666667,750.0611111111111,755.9452380952381
2025-01-23 15:15:00+05:30,751.75,753.5,751.5,753.0,496116,2.0,6.839285714285755,766.8215883068455,42.233009708737896,751.7833333333333,754.947619047619
2025-01-24 09:15:00+05:30,750.05,754.15,736.3,738.25,2865186,17.850000000000023,6.59285714285718,766.6196281034047,42.64705882352944,751.2611111111112,753.0833333333334
2025-01-24 10:15:00+05:30,738.2,744.95,735.25,744.2,1487570,9.700000000000045,6.935714285714328,766.5376508233621,50.54744525547448,751.2444444444444,751.7809523809525
2025-01-24 11:15:00+05:30,744.1,748.0,742.4,743.5,1032855,5.600000000000023,6.850000000000047,766.4793111422575,55.124378109452685,750.411111111111,750.2928571428572
2025-01-24 12:15:00+05:30,743.5,744.75,737.5,740.5,913909,7.25,6.800000000000044,766.4212286770769,52.96367112810707,748.7611111111111,748.797619047619
2025-01-24 13:15:00+05:30,740.5,740.55,736.3,736.6,814908,4.25,6.735714285714323,766.3618974060898,49.197860962566864,746.7833333333333,747.2833333333333
2025-01-24 14:15:00+05:30,736.6,738.25,732.2,734.05,1521261,6.0499999999999545,6.664285714285744,766.242331955077,41.63533834586462,744.3111111111111,746.0357142857143
2025-01-24 15:15:00+05:30,734.3,734.95,733.0,733.4,834398,1.9500000000000455,6.5750000000000295,766.175809817058,39.56148713060058,741.6944444444445,744.7214285714285
2025-01-27 09:15:00+05:30,732.95,732.95,720.0,721.0,5306181,12.950000000000045,6.557142857142886,765.6013116478233,24.22680412371146,738.2777777777778,743.5428571428571
2025-01-27 10:15:00+05:30,721.05,721.05,714.0,717.8,2117515,7.0499999999999545,6.610714285714307,765.3599498534246,17.0902716914988,734.3666666666667,742.3142857142857
2025-01-27 11:15:00+05:30,717.8,719.3,711.65,715.0,1852986,7.649999999999977,6.842857142857156,765.1384135305452,16.553480475382145,731.7833333333333,741.202380952381
2025-01-27 12:15:00+05:30,715.0,718.0,714.1,716.45,784051,3.8999999999999773,6.875000000000008,765.0479549386913,15.911035072711968,728.7,740.2047619047619
2025-01-27 13:15:00+05:30,716.3,716.5,713.1,713.8,1015098,3.3999999999999773,6.839285714285714,764.9249787585794,14.309346567411168,725.4000000000001,739.0761904761904
2025-01-27 14:15:00+05:30,713.75,715.15,709.3,713.8,2111847,5.850000000000023,6.817857142857146,764.6710163991419,15.656108597285169,722.4333333333333,737.6880952380952
2025-01-27 15:15:00+05:30,713.75,713.95,712.0,713.0,864132,1.9500000000000455,6.814285714285721,764.5662024706132,13.503649635036624,719.811111111111,736.1952380952381
2025-01-28 09:15:00+05:30,716.45,719.75,709.3,712.6,4292214,10.450000000000045,6.285714285714294,764.0478318839577,18.29419035846739,717.4277777777777,734.3666666666667
2025-01-28 10:15:00+05:30,712.7,722.0,707.5,720.5,2486224,14.5,6.628571428571433,763.79765760359,22.051886792452834,715.9944444444444,732.7071428571429
2025-01-28 11:15:00+05:30,720.3,732.95,720.0,731.8,2292969,12.950000000000045,7.153571428571435,763.6290188816319,38.96226415094335,717.1944444444445,731.6309523809524
2025-01-28 12:15:00+05:30,731.6,740.2,731.55,740.0,1784947,8.650000000000091,7.253571428571441,763.5324729837004,49.570446735395194,719.661111111111,730.854761904762
2025-01-28 13:15:00+05:30,740.0,740.85,736.25,737.8,1558123,4.600000000000023,7.278571428571444,763.441019587011,51.0619469026548,722.1944444444445,729.9428571428571
2025-01-28 14:15:00+05:30,737.9,739.65,726.0,728.05,2757433,13.649999999999977,7.821428571428588,763.2198162650902,45.29042386185243,723.4833333333332,728.8142857142857
2025-01-28 15:15:00+05:30,728.0,735.05,726.65,731.9,879296,8.399999999999977,8.282142857142869,763.1575169640028,48.87892376681614,725.4944444444444,727.8095238095239
2025-01-29 09:15:00+05:30,731.5,739.5,726.55,736.7,2906146,12.950000000000045,8.282142857142869,762.984714644908,63.237774030354124,728.0388888888888,727.7357142857143
2025-01-29 10:15:00+05:30,736.8,745.4,736.5,738.0,2222094,8.899999999999977,8.414285714285727,762.8605618727391,67.59581881533103,730.8166666666667,727.4404761904761
2025-01-29 11:15:00+05:30,738.05,748.7,735.0,748.15,2175708,13.700000000000045,8.84642857142859,762.7893353783558,75.59845559845553,734.7666666666667,727.6619047619048
2025-01-29 12:15:00+05:30,748.15,748.8,745.45,745.95,1029431,3.349999999999909,8.80714285714287,762.7508460710305,72.51908396946564,737.5944444444444,727.9214285714285
2025-01-29 13:15:00+05:30,746.0,751.5,742.2,745.1,1545151,9.299999999999955,9.22857142857144,762.690497504827,74.56828885400321,739.0722222222222,728.3261904761905
2025-01-29 14:15:00+05:30,745.15,753.95,744.45,753.25,1652728,9.5,9.489285714285725,762.6560988527509,77.4530271398748,740.5444444444444,729.2404761904761
2025-01-29 15:15:00+05:30,753.25,755.0,751.45,754.8,898437,3.5499999999999545,9.603571428571431,762.6405685349581,78.7878787878788,742.4333333333333,730.2595238095239
2025-01-30 09:15:00+05:30,708.65,708.65,683.2,697.9,27647575,25.449999999999932,10.674999999999995,758.9280203312163,44.3067389620449,739.0833333333334,729.1595238095239
2025-01-30 10:15:00+05:30,697.9,707.2,697.2,705.0,7203442,10.0,10.353571428571424,758.1341449985538,43.95946999220576,736.0944444444444,728.5500000000001
2025-01-30 11:15:00+05:30,705.0,706.0,702.55,703.1,3641597,3.4500000000000455,9.674999999999995,757.7276063678084,37.93103448275865,732.3611111111111,727.9833333333333
2025-01-30 12:15:00+05:30,703.35,710.7,701.25,704.25,5160361,9.450000000000045,9.732142857142849,757.1736095693111,34.018775145283854,728.6111111111111,727.402380952381
2025-01-30 13:15:00+05:30,704.3,704.5,697.65,698.55,5858636,6.850000000000023,9.892857142857135,756.492140325572,32.98656263545729,723.1,726.6761904761905
2025-01-30 14:15:00+05:30,698.5,699.85,694.25,696.95,6691471,5.600000000000023,9.317857142857138,755.7119598796288,35.49440298507464,717.6555555555556,725.8738095238094
2025-01-30 15:15:00+05:30,696.95,699.95,695.25,699.95,2777660,4.7000000000000455,9.053571428571429,755.410304998227,34.978843441466864,712.6388888888889,725.2523809523809
2025-01-31 09:15:00+05:30,706.0,707.0,696.45,701.3,5599367,10.549999999999955,8.882142857142851,754.8265888020985,32.79883381924188,706.8666666666667,724.7142857142857
2025-01-31 10:15:00+05:30,701.3,707.65,701.05,705.0,2573974,6.600000000000023,8.71785714285714,754.5807220347912,34.330484330484296,701.3333333333334,723.9761904761905
2025-01-31 11:15:00+05:30,705.15,707.0,702.35,704.45,1356807,4.649999999999977,8.071428571428564,754.450666634622,27.16823406478575,702.0611111111111,722.6738095238095
2025-01-31 12:15:00+05:30,704.45,710.8,704.0,710.5,2690485,6.7999999999999545,8.317857142857138,754.2257228863524,32.19487694625809,702.6722222222222,721.2690476190476
2025-01-31 13:15:00+05:30,710.5,712.0,706.1,708.9,1757721,5.899999999999977,8.074999999999998,754.0746721535437,31.954137587238208,703.3166666666667,719.8928571428571
2025-01-31 14:15:00+05:30,708.9,716.8,707.0,715.9,3474992,9.799999999999955,8.096428571428564,753.8248071993887,31.164901664145177,704.6111111111111,719.3142857142857
2025-01-31 15:15:00+05:30,715.95,717.0,715.0,715.7,1597662,2.0,7.985714285714282,753.7104235794878,30.010224948875248,706.5166666666667,718.5428571428571
2025-02-01 09:15:00+05:30,719.5,720.0,712.2,716.75,2731002,7.7999999999999545,6.724999999999999,753.521837935003,72.46722288438636,708.7166666666667,717.5928571428572
2025-02-01 10:15:00+05:30,716.9,718.45,710.05,714.6,1181590,8.400000000000091,6.61071428571429,753.4361041226692,62.97297297297312,710.3444444444444,716.4785714285715
2025-02-01 11:15:00+05:30,714.8,716.9,700.9,710.9,2486912,16.0,7.507142857142859,753.2398126923927,60.05154639175259,711.411111111111,714.7047619047619
2025-02-01 12:15:00+05:30,711.35,724.75,703.05,707.75,3621754,21.700000000000045,8.382142857142858,752.936138844784,54.28921568627454,711.7166666666667,712.8857142857144
2025-02-01 13:15:00+05:30,707.75,713.5,705.25,710.9,1528377,8.25,8.482142857142858,752.818050817276,66.14379084967338,712.4333333333334,711.2571428571429
2025-02-01 14:15:00+05:30,710.85,711.25,705.0,707.0,1813459,6.25,8.528571428571427,752.665837823391,62.39210850801482,712.0444444444445,709.0547619047619
2025-02-01 15:15:00+05:30,706.95,707.1,704.5,705.9,673099,2.6000000000000227,8.378571428571425,752.6082434764529,57.69728331177228,711.7111111111111,706.7261904761905
2025-02-03 09:15:00+05:30,699.95,699.95,686.1,691.7,6008601,13.850000000000023,8.614285714285716,751.9459153977508,40.67961165048548,709.0222222222222,706.4309523809524
2025-02-03 10:15:00+05:30,691.7,694.9,688.15,693.5,2348862,6.75,8.625,751.6985191194863,38.407258064516064,706.5555555555555,705.8833333333333
2025-02-03 11:15:00+05:30,693.4,694.75,688.0,688.5,1604350,6.75,8.775000000000002,751.5163252801154,35.245143385753806,703.4166666666666,705.1880952380952
2025-02-03 12:15:00+05:30,688.5,690.6,686.6,690.1,1822378,4.0,8.575000000000005,751.3158641769812,29.435483870967687,700.6944444444445,704.5142857142857
2025-02-03 13:15:00+05:30,690.2,691.15,687.1,688.35,1748321,4.0499999999999545,8.442857142857147,751.1193126728987,29.346733668341656,698.188888888889,704.0285714285715
2025-02-03 14:15:00+05:30,688.25,690.0,686.0,687.65,2721375,4.0,8.028571428571436,750.8124125024609,17.49136939010343,695.9555555555556,703.5857142857143
2025-02-03 15:15:00+05:30,687.7,688.0,686.3,687.65,1401169,1.7000000000000455,8.007142857142867,750.655551753985,17.572254335259956,693.3722222222221,703.0
2025-02-04 09:15:00+05:30,696.4,707.4,693.75,704.8,4514705,13.649999999999977,8.425000000000011,750.2915319652554,39.93260320134788,693.1277777777777,703.1666666666666
2025-02-04 10:15:00+05:30,704.8,708.6,702.5,707.3,2964380,6.100000000000023,8.260714285714291,750.0686049757626,43.88609715242875,693.2833333333333,703.2761904761905
2025-02-04 11:15:00+05:30,707.1,713.35,706.95,710.1,2787444,6.399999999999977,7.575000000000005,749.8746689105668,49.3197278911565,695.3277777777778,703.5452380952381
2025-02-04 12:15:00+05:30,710.15,710.65,706.65,708.45,1278300,4.0,6.310714285714288,749.7826959934848,50.610820244328146,696.9888888888889,703.447619047619
2025-02-04 13:15:00+05:30,708.65,709.0,706.5,707.3,1863370,2.5,5.900000000000001,749.6456469534943,46.74502712477395,699.0777777777778,703.3714285714286
2025-02-04 14:15:00+05:30,707.2,712.8,705.5,710.2,2354416,7.2999999999999545,5.974999999999999,749.4855140899033,52.94659300184166,701.3111111111111,703.1
2025-02-04 15:15:00+05:30,710.4,711.0,709.1,709.55,931974,1.8999999999999773,5.924999999999995,749.4214427312294,53.38904363973999,703.6666666666666,702.8071428571429
2025-02-05 09:15:00+05:30,711.35,725.45,710.7,720.2,5196120,14.75,5.989285714285708,749.1623744795909,78.33001988071547,707.2833333333333,702.9714285714285
2025-02-05 10:15:00+05:30,720.25,721.8,716.05,717.7,1466861,5.75,5.9178571428571365,749.0838277258273,73.72549019607827,710.6222222222223,703.1190476190476
2025-02-05 11:15:00+05:30,717.65,721.9,716.9,720.05,851083,5.0,5.7928571428571365,749.0418329398516,82.62668045501522,712.3166666666667,703.5547619047619
2025-02-05 12:15:00+05:30,720.1,720.85,715.3,717.75,1065746,5.550000000000068,5.903571428571427,748.9852587972498,78.1855249745156,713.4777777777778,704.0309523809524
2025-02-05 13:15:00+05:30,717.5,723.75,716.1,723.2,1406864,7.649999999999977,6.160714285714286,748.9238654076672,83.03317535545004,714.9333333333334,704.6166666666667
2025-02-05 14:15:00+05:30,723.15,723.5,716.1,717.4,2012504,7.399999999999977,6.403571428571427,748.8168620126405,75.71305099394971,715.9277777777777,705.1119047619047
2025-02-05 15:15:00+05:30,717.3,718.0,716.25,716.95,856801,1.75,6.407142857142852,748.7708773024106,75.12864493996562,717.0,705.6380952380953
2025-02-06 09:15:00+05:30,723.0,723.4,714.05,714.2,2893657,9.350000000000023,6.099999999999999,748.6032131389773,60.70615034168568,717.4444444444445,706.7095238095238
2025-02-06 10:15:00+05:30,714.4,718.45,714.2,717.4,1130219,4.25,5.96785714285714,748.5442171050094,61.32286995515692,718.3166666666667,707.8476190476191
2025-02-06 11:15:00+05:30,717.4,718.0,714.0,714.75,748565,4.0,5.79642857142857,748.5019512850881,55.23059617547802,717.7111111111111,709.0976190476191
2025-02-06 12:15:00+05:30,714.75,715.35,712.0,713.8,681632,3.3500000000000227,5.75,748.4624758484995,56.11428571428558,717.2777777777778,710.2261904761905
2025-02-06 13:15:00+05:30,713.8,714.2,710.1,710.3,913137,4.100000000000023,5.864285714285716,748.4044082003003,53.25379609544467,716.1944444444445,711.2714285714285
2025-02-06 14:15:00+05:30,710.5,712.0,708.15,709.05,2565788,3.8500000000000227,5.617857142857149,748.2368664453062,48.70641169853758,715.2277777777776,712.2904761904762
2025-02-06 15:15:00+05:30,709.05,711.15,708.3,710.9,1037828,2.8500000000000227,5.685714285714296,748.1726827170218,51.47864184008765,713.8611111111111,713.3976190476191
2025-02-07 09:15:00+05:30,711.0,713.05,706.0,709.05,3414355,7.0499999999999545,5.135714285714292,747.9526689977257,34.87109905020337,712.9333333333333,713.5999999999999
2025-02-07 10:15:00+05:30,709.05,715.95,703.6,715.25,2947734,12.350000000000023,5.607142857142866,747.7946604806509,46.97903822441424,712.7444444444443,713.9785714285714
2025-02-07 11:15:00+05:30,715.05,715.45,708.3,708.95,1862445,7.150000000000091,5.7607142857143,747.676438013721,37.528089887640554,712.161111111111,713.9238095238095
2025-02-07 12:15:00+05:30,708.95,710.95,706.0,706.65,877678,4.9500000000000455,5.717857142857156,747.6176807149787,37.52808988764046,710.9666666666667,713.8380952380952
2025-02-07 13:15:00+05:30,706.8,710.75,704.0,704.4,990253,6.75,5.653571428571444,747.5479588140843,27.23970944309923,709.8166666666667,713.6999999999999
2025-02-07 14:15:00+05:30,704.4,708.0,703.1,706.75,1460966,4.899999999999977,5.475000000000015,747.4510847123837,35.93130779392342,709.0333333333333,713.5357142857143
2025-02-07 15:15:00+05:30,707.0,707.7,706.0,706.75,677552,1.7000000000000455,5.471428571428589,747.4063134055458,36.36363636363634,708.6388888888889,713.4023809523809
2025-02-10 09:15:00+05:30,709.75,709.9,696.0,697.65,3389234,13.899999999999977,5.796428571428586,747.134032121072,31.085714285714246,707.3722222222223,712.3285714285714
2025-02-10 10:15:00+05:30,697.65,700.85,697.25,698.7,1118032,3.6000000000000227,5.750000000000016,747.0467571678271,27.52403846153868,706.0166666666667,711.4238095238095
2025-02-10 11:15:00+05:30,698.7,699.5,696.0,697.0,990050,3.5,5.71428571428573,746.9670265004783,28.167281672816898,704.6777777777778,710.3261904761905
2025-02-10 12:15:00+05:30,697.0,698.65,695.15,696.85,871777,3.5,5.725000000000015,746.8968205008325,28.732747804266225,702.6333333333334,709.3309523809525
2025-02-10 13:15:00+05:30,696.75,697.3,693.05,693.35,2409872,4.25,5.735714285714299,746.6902669405108,28.732747804266225,700.9,707.9095238095239
2025-02-10 14:15:00+05:30,693.65,698.0,693.35,696.05,1352891,4.649999999999977,5.7928571428571525,746.5808399774461,34.26150121065382,699.7222222222222,706.8928571428571
2025-02-10 15:15:00+05:30,696.1,696.75,695.1,695.6,791893,1.6499999999999773,5.7071428571428635,746.5164393525138,30.827067669173033,698.7444444444445,705.8761904761905
2025-02-11 09:15:00+05:30,696.05,697.0,686.1,687.0,2909849,10.899999999999977,5.982142857142866,746.2414519883714,26.366559485530644,696.5500000000001,704.5809523809525
2025-02-11 10:15:00+05:30,687.0,687.0,682.5,683.85,1757716,4.5,5.421428571428578,746.067804409846,13.990825688073443,694.0055555555556,702.9833333333333
2025-02-11 11:15:00+05:30,683.75,686.05,683.0,684.9,998451,3.0499999999999545,5.1285714285714255,745.9712530222283,18.644067796610102,692.588888888889,701.5619047619048
2025-02-11 12:15:00+05:30,684.9,684.9,675.55,675.85,1698777,9.350000000000023,5.442857142857138,745.783438087554,15.853658536585343,690.05,699.754761904762
2025-02-11 13:15:00+05:30,675.75,679.0,675.2,678.2,1318954,3.7999999999999545,5.232142857142849,745.6431852019433,21.01769911504428,687.9611111111112,698.2261904761905
2025-02-11 14:15:00+05:30,678.1,681.95,675.35,677.65,2201211,6.600000000000023,5.353571428571423,745.4085098943273,16.474654377880142,685.8277777777778,696.7309523809523
2025-02-11 15:15:00+05:30,677.9,678.2,675.1,677.4,995230,3.1000000000000227,5.453571428571422,745.3025479631918,16.38029782359675,684.0555555555555,695.1357142857144
2025-02-12 09:15:00+05:30,679.9,682.35,667.05,670.35,3752688,15.300000000000068,5.553571428571429,744.864775938654,17.187499999999986,681.2,693.2928571428572
2025-02-12 10:15:00+05:30,670.35,684.7,668.55,683.0,2751297,16.15000000000009,6.450000000000005,744.6009944328541,35.24436090225555,679.8,691.757142857143
2025-02-12 11:15:00+05:30,682.8,686.5,679.0,684.2,1728656,7.5,6.73571428571429,744.4396127746394,37.85578747628084,679.4888888888888,690.5785714285714
2025-02-12 12:15:00+05:30,684.2,687.55,682.15,685.95,883956,5.399999999999977,6.8714285714285745,744.3598100079087,39.963167587476974,679.7222222222222,689.5928571428572
2025-02-12 13:15:00+05:30,686.0,686.8,678.0,680.35,1303953,8.799999999999955,7.196428571428571,744.2312387711784,38.47517730496451,679.2166666666667,688.4476190476191
2025-02-12 14:15:00+05:30,680.35,684.75,679.85,684.25,1208114,4.899999999999977,7.214285714285714,744.1198218307743,39.75694444444447,680.1500000000001,687.3761904761906
2025-02-12 15:15:00+05:30,684.2,685.7,684.0,684.7,589099,1.7000000000000455,7.217857142857148,744.06605006233,40.53819444444447,680.8722222222221,686.3261904761905
2025-02-13 09:15:00+05:30,684.4,693.15,679.35,689.1,3123386,13.799999999999955,7.425000000000003,743.8035822116017,51.966292134831484,682.1444444444445,685.9190476190477
2025-02-13 10:15:00+05:30,689.15,690.9,686.3,689.4,1110620,4.600000000000023,7.432142857142862,743.7113649685591,55.489614243323395,683.4777777777778,685.4761904761905
2025-02-13 11:15:00+05:30,689.4,692.4,689.15,690.05,795507,3.25,7.446428571428579,743.646292407308,55.13459621136588,685.6666666666666,685.1452380952381
2025-02-13 12:15:00+05:30,690.05,691.6,688.25,688.5,694609,3.3500000000000227,7.017857142857151,743.5879627670739,64.8300117233294,686.2777777777778,684.7476190476191
2025-02-13 13:15:00+05:30,688.5,689.4,682.2,683.9,1142029,7.199999999999932,7.260714285714292,743.4843431791263,56.34743875278389,686.2444444444445,684.297619047619
2025-02-13 14:15:00+05:30,683.85,685.9,682.05,683.95,1055482,3.8500000000000227,7.064285714285721,743.3889757399727,57.094594594594675,686.0222222222222,683.7214285714285
2025-02-13 15:15:00+05:30,683.95,685.0,682.5,683.0,500459,2.5,7.021428571428577,743.3431427540116,56.208425720620866,686.3166666666667,683.1214285714285
2025-02-14 09:15:00+05:30,685.85,690.95,681.4,681.65,1830880,9.550000000000068,6.61071428571429,743.1723204510314,64.34010152284255,686.0277777777778,682.8666666666667
2025-02-14 10:15:00+05:30,681.6,685.4,674.15,677.1,1789935,11.25,6.260714285714284,742.993946850413,40.57507987220453,685.1833333333334,682.545238095238
2025-02-14 11:15:00+05:30,677.1,678.0,672.8,674.85,1035558,5.2000000000000455,6.096428571428573,742.8876800305985,35.54868624420399,683.5999999999999,682.0666666666666
2025-02-14 12:15:00+05:30,674.8,676.65,671.6,673.15,762859,5.0499999999999545,6.071428571428571,742.8076580833372,30.18575851393183,681.7944444444445,681.9380952380952
2025-02-14 13:15:00+05:30,673.0,676.0,669.15,670.7,1274581,6.850000000000023,5.932142857142862,742.6696786524691,33.44768439108064,679.6444444444445,681.5809523809525
2025-02-14 14:15:00+05:30,670.7,683.5,670.25,680.7,2516521,13.25,6.528571428571435,742.4364361819786,44.964539007092256,678.7777777777778,681.7261904761905
2025-02-14 15:15:00+05:30,680.7,681.5,677.9,678.9,723255,3.6000000000000227,6.664285714285719,742.3677811158467,42.07650273224034,678.2222222222223,681.797619047619
2025-02-17 09:15:00+05:30,678.0,688.7,667.05,681.75,3780446,21.65000000000009,7.225000000000015,742.0273295495618,39.514978601997136,677.9777777777778,682.3404761904762
2025-02-17 10:15:00+05:30,682.05,690.7,681.7,682.2,1850941,9.0,7.539285714285727,741.8632660912748,39.77272727272742,677.8888888888889,682.302380952381
2025-02-17 11:15:00+05:30,682.2,686.7,681.8,683.25,901709,4.900000000000091,7.657142857142877,741.7850669126035,40.44943820224729,678.0666666666667,682.2571428571429
2025-02-17 12:15:00+05:30,683.2,686.25,681.2,684.2,635774,5.0499999999999545,7.778571428571444,741.7309486103818,43.85714285714296,678.8555555555555,682.1738095238095
2025-02-17 13:15:00+05:30,684.3,686.45,682.3,683.5,1081355,4.150000000000091,7.560714285714312,741.6380177330789,49.35691318327978,679.8166666666667,682.3238095238095
2025-02-17 14:15:00+05:30,683.55,687.35,683.25,687.15,1352689,4.100000000000023,7.578571428571455,741.5294575146395,54.61095100864541,681.3722222222223,682.4619047619047
2025-02-17 15:15:00+05:30,687.3,687.55,686.0,686.95,656027,1.5499999999999545,7.510714285714308,741.4767705435833,55.817378497790926,683.1777777777778,682.5690476190476
2025-02-18 09:15:00+05:30,686.55,687.95,678.15,678.4,2108141,9.800000000000068,7.528571428571452,741.2817069233802,46.05103280680438,682.9222222222222,682.0595238095239
2025-02-18 10:15:00+05:30,678.4,679.6,674.5,676.2,1440072,5.100000000000023,7.089285714285738,741.1445133245772,48.84020618556704,682.6222222222221,681.4309523809525
2025-02-18 11:15:00+05:30,676.15,679.4,675.55,677.4,613459,3.8500000000000227,6.992857142857166,741.0873221207638,53.377483443708556,682.1388888888889,680.8285714285714
2025-02-18 12:15:00+05:30,677.4,678.65,672.15,674.0,845390,6.5,7.096428571428597,741.0044779757264,51.0773130544994,681.2277777777778,680.1380952380953
2025-02-18 13:15:00+05:30,673.85,679.0,673.1,677.25,841338,5.899999999999977,7.028571428571452,740.9262229827335,58.136645962732864,680.5611111111111,679.8214285714286
2025-02-18 14:15:00+05:30,677.25,683.4,676.55,683.1,1319331,6.850000000000023,6.571428571428596,740.81513314638,53.32409972299166,680.4388888888889,679.7809523809525
2025-02-18 15:15:00+05:30,683.0,683.9,681.5,682.5,605776,2.3999999999999773,6.485714285714307,740.7637398878293,55.1575931232092,680.3277777777778,679.757142857143
2025-02-19 09:15:00+05:30,681.75,688.5,675.05,686.55,3011938,13.450000000000045,5.900000000000018,740.5272190800623,56.64819944598333,680.2611111111111,679.9904761904761
2025-02-19 10:15:00+05:30,686.35,690.95,682.3,684.8,1881161,8.650000000000091,5.875000000000024,740.3757843370009,53.475935828876885,680.0222222222222,680.3571428571429
2025-02-19 11:15:00+05:30,684.8,687.5,684.0,687.3,925935,3.5,5.775000000000018,740.3048872155117,55.21235521235517,681.0111111111112,680.95
2025-02-19 12:15:00+05:30,687.3,688.3,680.2,682.0,1101849,8.099999999999909,5.992857142857157,740.2123558569234,47.45370370370364,681.6555555555556,681.3714285714286
2025-02-19 13:15:00+05:30,681.95,682.75,680.0,682.1,777700,2.75,5.892857142857151,740.1473344626536,48.3568075117371,682.1777777777777,681.9142857142857
2025-02-19 14:15:00+05:30,682.1,682.7,677.05,681.3,1499193,5.650000000000091,6.003571428571441,740.0206788877018,42.64150943396221,682.9888888888888,681.9428571428571
2025-02-19 15:15:00+05:30,681.3,681.55,680.0,681.0,665802,1.5499999999999545,6.003571428571441,739.9643184512619,42.53450439146793,683.4055555555556,682.0428571428571
2025-02-20 09:15:00+05:30,680.0,684.4,675.0,683.65,2330069,9.399999999999977,5.975000000000007,739.7767483056698,57.731958762886634,683.4666666666667,682.1333333333333
2025-02-20 10:15:00+05:30,683.7,691.45,683.55,691.25,1720961,7.900000000000091,6.175000000000011,739.6576621601165,69.12325285895805,684.4388888888889,682.5642857142857
2025-02-20 11:15:00+05:30,691.3,692.5,688.25,691.65,1217724,4.25,6.203571428571438,739.5744446009785,68.48249027237355,685.0055555555556,682.9642857142857
2025-02-20 12:15:00+05:30,691.65,692.5,687.45,688.35,715061,5.0499999999999545,6.100000000000007,739.522357035017,68.6605981794539,685.4,683.1619047619048
2025-02-20 13:15:00+05:30,688.2,692.5,688.1,691.35,691878,4.399999999999977,5.992857142857149,739.475007682299,68.45549738219901,685.8499999999999,683.5357142857143
2025-02-20 14:15:00+05:30,691.4,692.85,689.0,689.6,1244730,3.8500000000000227,5.778571428571435,739.3869682028599,59.530791788856334,686.6944444444445,683.652380952381
2025-02-20 15:15:00+05:30,689.55,690.7,688.25,688.4,689739,2.4500000000000455,5.782142857142868,739.3371441893097,58.50144092219019,687.3944444444445,683.7214285714285
2025-02-21 09:15:00+05:30,686.4,690.0,675.0,675.3,5711455,15.0,5.892857142857151,738.8231320217433,37.14285714285714,686.7277777777778,683.5738095238095
2025-02-21 10:15:00+05:30,675.3,677.6,673.3,676.2,1897914,4.300000000000068,5.5821428571428635,738.6565419372038,39.9766899766901,686.1944444444445,683.5738095238095
2025-02-21 11:15:00+05:30,676.15,678.45,672.65,676.1,1476533,5.800000000000068,5.7464285714285825,738.5273439196194,36.17283950617296,685.3555555555556,683.5119047619048
2025-02-21 12:15:00+05:30,676.15,676.9,673.0,673.95,1158139,3.8999999999999773,5.446428571428588,738.422901275218,39.223560910307995,683.4333333333334,683.5095238095238
2025-02-21 13:15:00+05:30,673.9,674.65,671.1,673.35,1415744,3.5499999999999545,5.503571428571441,738.2945015448084,38.441215323646006,681.4000000000001,683.3238095238095
2025-02-21 14:15:00+05:30,673.2,675.0,673.1,674.1,1774013,1.8999999999999773,5.23571428571429,738.1361722148358,40.476190476190574,679.8166666666667,682.895238095238
2025-02-21 15:15:00+05:30,674.1,674.1,671.95,672.4,1063582,2.1499999999999773,5.278571428571435,738.0391121846851,39.030612244897966,677.7111111111111,682.4142857142857
2025-02-24 09:15:00+05:30,669.9,676.6,666.0,675.95,2858713,10.600000000000023,5.364285714285724,737.7936803382216,40.39900249376573,676.1944444444445,681.9095238095239
2025-02-24 10:15:00+05:30,676.0,676.3,672.75,673.25,844508,3.5499999999999545,5.053571428571429,737.7183975749263,24.431818181818386,674.5111111111112,681.3595238095238
2025-02-24 11:15:00+05:30,673.25,674.4,671.0,671.3,870787,3.3999999999999773,4.992857142857141,737.6386134685453,22.312925170068254,674.0666666666667,680.597619047619
2025-02-24 12:15:00+05:30,671.25,672.0,669.1,669.5,908551,2.8999999999999773,4.839285714285714,737.5533202144029,23.262411347517954,673.3222222222222,680.0023809523809
2025-02-24 13:15:00+05:30,669.5,669.75,666.2,667.45,1272522,3.5499999999999545,4.778571428571427,737.4306285044196,15.160349854227746,672.3611111111111,679.3047619047619
2025-02-24 14:15:00+05:30,667.65,671.4,667.35,669.0,1246922,4.0499999999999545,4.7928571428571365,737.3134745385272,19.79472140762482,671.8111111111111,678.7190476190476
2025-02-24 15:15:00+05:30,669.0,669.05,667.0,668.05,775707,2.0499999999999545,4.764285714285701,737.2397848248336,19.940915805022343,671.2222222222222,678.1023809523809
2025-02-25 09:15:00+05:30,667.75,672.5,667.0,668.1,2882236,5.5,4.085714285714273,736.9675466433584,32.69230769230809,670.5555555555555,677.3619047619047
2025-02-25 10:15:00+05:30,668.15,668.7,663.0,664.7,1974685,5.7000000000000455,4.185714285714271,736.77311694397,25.32188841201736,669.7,676.0976190476191
2025-02-25 11:15:00+05:30,664.7,665.0,662.0,663.25,886561,3.0,3.9857142857142662,736.6844156955443,23.935091277890635,668.2888888888888,674.7452380952382
2025-02-25 12:15:00+05:30,663.3,665.0,662.25,663.85,769336,2.75,3.9035714285714107,736.6082436775163,28.138528138528315,667.2444444444444,673.5785714285715
2025-02-25 13:15:00+05:30,663.9,663.9,662.0,663.6,687510,1.8999999999999773,3.7857142857142696,736.54007451038,28.571428571428783,666.3888888888889,672.2571428571429
2025-02-25 14:15:00+05:30,663.55,666.5,661.3,661.75,1940658,5.2000000000000455,4.02142857142856,736.3434729763125,24.109014675052634,665.5277777777778,670.9309523809524
2025-02-25 15:15:00+05:30,661.9,662.0,660.0,660.3,1056117,2.0,4.010714285714276,736.2348436550539,24.364406779661238,664.7333333333332,669.5928571428572
2025-02-27 09:15:00+05:30,662.05,665.0,650.5,651.55,4137154,14.5,4.289285714285703,735.7635875974634,7.638888888888999,662.7944444444444,668.4619047619047
2025-02-27 10:15:00+05:30,651.8,655.5,650.0,653.6,1680954,5.5,4.428571428571421,735.5782327496539,15.097690941385736,661.188888888889,667.3857142857144
2025-02-27 11:15:00+05:30,653.6,654.15,650.0,650.9,987663,4.149999999999977,4.482142857142849,735.4661409032578,14.705882352941458,659.2777777777778,666.1857142857143
2025-02-27 12:15:00+05:30,650.65,652.7,650.4,651.8,995721,2.300000000000068,4.439285714285712,735.3546340241488,18.39285714285731,657.8444444444444,665.1309523809524
2025-02-27 13:15:00+05:30,651.8,652.55,648.3,648.5,1030538,4.25,4.489285714285716,735.2349950652189,17.606837606837786,656.2055555555556,663.947619047619
2025-02-27 14:15:00+05:30,648.5,650.9,645.65,649.2,2466429,5.25,4.575000000000005,734.9522923519462,15.140845070422998,654.5777777777778,662.7619047619048
2025-02-27 15:15:00+05:30,649.2,649.55,647.0,647.75,895198,2.5499999999999545,4.61071428571429,734.8484162648462,14.878892733564484,652.8166666666666,661.5880952380952
2025-02-28 09:15:00+05:30,645.0,645.0,630.0,633.2,5334088,15.0,5.289285714285719,734.132012784205,9.792626728110818,649.6444444444444,659.552380952381
2025-02-28 10:15:00+05:30,633.2,634.45,630.0,631.1,2134393,4.4500000000000455,5.200000000000005,733.8422648039912,10.095011876484776,646.4000000000001,657.5452380952381
2025-02-28 11:15:00+05:30,631.0,632.0,627.0,628.3,2049660,5.0,5.342857142857148,733.558008033299,9.781357882623908,643.8166666666667,655.4976190476191
2025-02-28 12:15:00+05:30,628.35,629.8,625.0,627.2,2361371,4.7999999999999545,5.489285714285716,733.2290113497324,8.304891922639527,640.8833333333333,653.4833333333333
2025-02-28 13:15:00+05:30,627.2,629.4,625.25,626.0,1461954,4.149999999999977,5.650000000000001,733.0240498978563,8.129175946548045,638.1166666666667,651.5095238095239
2025-02-28 14:15:00+05:30,626.0,626.95,620.3,620.85,4252856,6.650000000000091,5.753571428571433,732.4037651674599,7.572614107883979,634.6777777777778,649.2166666666666
2025-02-28 15:15:00+05:30,620.8,621.6,618.45,620.7,2772975,3.1499999999999773,5.835714285714289,732.0024655446673,7.782515991471385,631.588888888889,646.9619047619047
2025-03-03 09:15:00+05:30,620.7,625.5,606.3,608.4,5605512,19.200000000000045,6.171428571428578,731.1113072481675,7.2348860257682475,627.0555555555555,644.1190476190476
2025-03-03 10:15:00+05:30,608.4,614.8,607.45,614.1,2858978,7.349999999999909,6.303571428571429,730.6826037786345,13.493530499075874,623.3166666666667,641.7095238095238
2025-03-03 11:15:00+05:30,614.1,619.0,613.35,618.0,2260783,5.649999999999977,6.410714285714286,730.3570837680759,20.253164556962076,621.6277777777779,639.5547619047619
2025-03-03 12:15:00+05:30,618.0,626.75,617.0,626.7,2577140,9.75,6.942857142857138,730.0168549257832,30.1109350237719,621.1388888888889,637.7857142857143
2025-03-03 13:15:00+05:30,626.7,626.85,621.0,624.05,1680482,5.850000000000023,7.057142857142854,729.7905419130963,30.424339471577312,620.6666666666666,635.902380952381
2025-03-03 14:15:00+05:30,624.05,625.9,621.2,621.6,2025971,4.699999999999932,7.017857142857134,729.5126912967144,28.5046728971963,620.0444444444444,633.9904761904762
2025-03-03 15:15:00+05:30,621.6,621.95,619.5,621.4,1221800,2.4500000000000455,7.010714285714284,729.3455077485156,29.070691024622747,619.5333333333333,632.1380952380953
2025-03-04 09:15:00+05:30,613.45,626.15,613.0,624.65,3245980,13.149999999999977,6.8785714285714255,728.9171466070657,41.72313649564372,619.9555555555555,630.8571428571429
2025-03-04 10:15:00+05:30,624.7,629.15,624.45,625.75,1708700,4.699999999999932,6.89642857142856,728.6954244739292,44.71865745310958,620.5166666666667,629.5309523809524
2025-03-04 11:15:00+05:30,625.7,626.6,621.05,621.6,1614500,5.550000000000068,6.935714285714279,728.4783894817599,43.55769230769239,621.9833333333333,628.1357142857144
2025-03-04 12:15:00+05:30,621.3,622.5,615.2,616.75,1354282,7.2999999999999545,7.114285714285708,728.2887818571155,40.62780269058295,622.2777777777778,626.4666666666667
2025-03-04 13:15:00+05:30,616.75,620.7,616.0,619.4,1302431,4.7000000000000455,7.153571428571427,728.1113576811375,44.23076923076923,622.4333333333333,625.0809523809525
2025-03-04 14:15:00+05:30,619.35,620.8,618.9,619.25,1596112,1.8999999999999773,6.814285714285704,727.8944146518828,48.46743295019155,621.6055555555555,623.6547619047619
2025-03-04 15:15:00+05:30,619.15,619.5,618.3,619.5,975737,1.2000000000000455,6.674999999999995,727.7625223324004,48.85277246653916,621.0999999999999,622.3095238095239
2025-03-05 09:15:00+05:30,619.0,632.95,618.6,632.4,3450179,14.350000000000023,6.328571428571422,727.3539822816663,72.68431001890355,622.3,622.2714285714285
2025-03-05 10:15:00+05:30,632.4,636.6,630.25,636.2,1910322,6.350000000000023,6.257142857142859,727.1382731345961,71.66666666666664,623.9444444444445,622.5142857142857
2025-03-05 11:15:00+05:30,636.2,638.95,634.35,638.15,1196631,4.600000000000023,6.182142857142862,727.0065578808557,70.54026503567783,625.4444444444445,622.9833333333333
2025-03-05 12:15:00+05:30,638.2,639.0,633.6,634.0,1269318,5.399999999999977,5.8714285714285745,726.8607618418147,58.20224719101118,626.3611111111111,623.3071428571429
2025-03-05 13:15:00+05:30,634.0,637.6,633.95,636.0,1418405,3.6499999999999773,5.714285714285714,726.7018785422647,63.62599771949837,627.9611111111111,623.7833333333334
2025-03-05 14:15:00+05:30,635.9,641.5,634.35,640.5,2048484,7.149999999999977,5.889285714285718,726.4847306919341,70.58823529411762,630.5999999999999,624.7190476190476
2025-03-05 15:15:00+05:30,640.5,641.6,640.05,641.6,987481,1.5500000000000682,5.825000000000005,726.3817780498259,71.58119658119665,633.0666666666667,625.7142857142857
2025-03-06 09:15:00+05:30,653.25,655.95,638.05,639.05,5846663,17.90000000000009,6.164285714285727,725.7591165740149,65.61822125813445,635.2666666666668,627.1738095238095
2025-03-06 10:15:00+05:30,639.0,642.0,636.35,641.7,2316308,5.649999999999977,6.232142857142874,725.5223459869212,66.73662119622247,637.7333333333333,628.4880952380952
2025-03-06 11:15:00+05:30,641.7,643.0,637.0,639.4,1495088,6.0,6.264285714285726,725.3660526859162,69.43231441048022,638.5111111111111,629.5071428571429
2025-03-06 12:15:00+05:30,639.35,641.5,637.0,638.2,1523341,4.5,6.064285714285729,725.2051734611662,75.44483985765125,638.7333333333333,630.0547619047619
2025-03-06 13:15:00+05:30,638.3,642.0,635.6,640.8,2127907,6.399999999999977,6.185714285714296,724.9881238915343,75.41567695961992,639.0277777777778,630.8523809523809
2025-03-06 14:15:00+05:30,640.65,641.95,638.6,639.8,2290577,3.3500000000000227,6.289285714285727,724.752965404249,73.92316647264252,639.6722222222222,631.7190476190475
2025-03-06 15:15:00+05:30,639.9,640.65,638.5,638.9,1276693,2.1499999999999773,6.357142857142866,724.6210757292637,72.24770642201831,639.9944444444444,632.552380952381
2025-03-07 09:15:00+05:30,640.0,651.5,635.0,648.65,3989512,16.5,6.510714285714292,724.2581170228808,70.08652657601976,640.9000000000001,633.6952380952381
2025-03-07 10:15:00+05:30,648.65,649.95,646.0,649.5,1067037,3.9500000000000455,6.339285714285722,724.1627117440355,67.73333333333328,641.7777777777778,634.8261904761905
2025-03-07 11:15:00+05:30,649.55,650.4,644.0,644.4,1133938,6.399999999999977,6.467857142857148,724.0546840263569,57.68757687576874,642.3722222222221,635.9119047619048
2025-03-07 12:15:00+05:30,644.5,646.85,642.6,644.75,713559,4.25,6.385714285714292,723.9871527853503,64.58616010854811,642.7111111111111,637.245238095238
2025-03-07 13:15:00+05:30,644.75,646.95,643.6,646.45,648158,3.3500000000000227,6.364285714285724,723.9272246252509,64.2954856361149,643.4944444444444,638.5333333333334
2025-03-07 14:15:00+05:30,646.45,650.4,646.4,648.7,1756804,4.0,6.139285714285726,723.7699604839237,61.9533527696793,644.6611111111112,639.9357142857143
2025-03-07 15:15:00+05:30,648.7,648.9,646.55,647.5,738177,2.3500000000000227,6.196428571428579,723.703023818838,58.575581395348756,645.4055555555556,641.2690476190476
